time,band,flux,flux_err,zp,zpsys
2458441.7536343,p48g,22901.262031289916,635.3195363878814,25.917821999999997,ab
2458464.7385764,p48g,7759.092484611403,25.64252286671558,25.928678,ab
2458474.6073032,p48g,4012.4681495562713,104.73023661578797,26.008391,ab
2458441.808125,p48r,12645.58841083122,731.501602789559,25.7404525,ab
2458456.7191204,p48r,7805.6377706892745,872.7477997951498,26.01796901,ab
2458456.7536111,p48r,8932.788935578246,844.3333725423423,26.112775000000003,ab
2458468.7511574,p48r,3080.1928254429795,805.3041442161071,26.069502,ab
