time,band,flux,flux_err,zp,flags,zpsys
2458425.8464815,p48g,2686.008989622633,28.037998970799837,26.082453,2050.0,ab
2458464.7385764,p48g,7618.098076113914,25.57538287608108,25.928678,2050.0,ab
2458474.6073032,p48g,4883.782032822388,104.58178245853453,26.008391,2050.0,ab
2458487.6750231,p48g,3447.2690907227834,29.190639329787466,26.033645,2050.0,ab
2458487.6759375,p48g,4022.581068486339,29.27121068908353,26.007514500000003,2050.0,ab
