time,band,flux,flux_err,zp,flags,zpsys
2458526.9460301,p48g,89.90856049687989,24.504221323082813,25.93360299,2050.0,ab
2458522.9841088,p48g,102.00327078923273,22.028446842491196,26.122610509999998,2.0,ab
2458523.034838,p48r,501.1127529862554,29.399317748848336,26.11519201,2050.0,ab
