time,band,flux,flux_err,zp,zpsys
2458283.7350694,p48g,55.61027927342559,29.607082406257117,26.134099,ab
2458286.7168287,p48g,259.436607385079,26.08227646748756,26.015097,ab
2458292.6943981,p48g,1103.7883500509697,59.806541175801264,26.06531149,ab
2458295.6750926,p48g,1510.2346076191616,72.9118511889539,26.131508500000002,ab
2458283.6954398,p48r,-49.849388271405644,36.21990050567472,26.158426,ab
2458292.7338657,p48r,897.9856055712355,62.23963449439,26.096429490000002,ab
2458295.7352315,p48r,1308.953136288018,67.81405235550893,26.091605,ab
